[CS2 ] PGL Master Bucharest 2025 Group Day5,0,blank
Re: [閒聊] CS2現開放紅槍合成升級刀&手套,10,Thu Oct 30 12:52:41 2025
[情報] 《符文工廠 4》總監新作募資,1,Thu Oct 30 16:53:00 2025
[閒聊] 戰地風雲™REDSEC(禁區衝突),0,Thu Oct 30 17:14:06 2025
[實況] 傑洛尼莫 Steam-戰意 遊戲實況,0,Thu Oct 30 18:30:07 2025
[公告] 板務宣導/實用連結/置底聊天區,爆,blank
[公告] Steam板板規/文章推薦區,15,Fri Sep 15 00:09:18 2017
[公告] 交易文章使用說明(發文/推文前請詳閱),0,blank
[公告] 9月置底遊戲交換區,4,Mon Sep  1 17:29:16 2025
[公告] 10月置底遊戲交換區,10,blank
[心得] 遲來兩年的機戰傭兵6：天火全S心得,29,Tue Oct 28 21:07:56 2025
Re: [閒聊] 推薦遊戲Crown and Adventure 王冠與冒險,4,Tue Oct 28 22:27:42 2025
[問題] 現在要怎麼看關注清單？,7,Tue Oct 28 23:19:45 2025
[閒聊] 輪盤英雄 類超級小瑪莉,0,Wed Oct 29 02:36:33 2025
[閒聊] 吸血鬼倖存者：新免費DLC,8,Wed Oct 29 04:04:41 2025
[新聞] 《忍者外傳4》極度好評卻賣超差 網分析,42,Wed Oct 29 04:32:46 2025
Fw: [CK3 ]開局一個村到建立台灣神權國 DLC夭壽讚,1,Wed Oct 29 06:48:10 2025
Re: [心得] RunningWithRifles 試玩心得,1,Wed Oct 29 09:38:13 2025
[閒聊] BF6跟PUBG吃雞感覺差很多?,5,Wed Oct 29 12:12:25 2025
[情報] 《Darkwood II》發表,19,Wed Oct 29 13:19:58 2025
[問題] 明末-淵虛之羽支線那麼容易斷的嗎？,16,Wed Oct 29 15:13:16 2025
[心得] 質量效應2 沒看攻略第一次玩全員存活(稍微有雷),11,Wed Oct 29 15:46:48 2025
[CS2 ] PGL Master Bucharest 2025 Group Day4,2,blank
[問題] 請問STEAM有辦法退小小夢魘3DLC嗎? ,42,Wed Oct 29 18:59:56 2025
[心得] 完蛋，我被美女包圍了 前傳,10,Wed Oct 29 23:35:27 2025
Re: [組包] HumbleBundle 2025 10月,14,Thu Oct 30 00:18:32 2025
[限免] Space Pilgrim Episode III: Delta Pavon,25,Thu Oct 30 03:14:03 2025
[贈送] 將軍對決 steam key,9,Thu Oct 30 09:15:54 2025
[問題] Farthest Frontier 好玩！但好多不懂,4,Thu Oct 30 09:30:31 2025
Re: [問題] Farthest Frontier 好玩！但好多不懂,1,Thu Oct 30 10:00:53 2025
[問題] 逃離鴨科夫，看不見的敵人,37,Sun Oct 26 20:30:20 2025
[閒聊] 沉沒意志 心得&閒聊  有雷,10,Sun Oct 26 21:49:10 2025
[限免] 911 Operator,78,Mon Oct 27 03:46:57 2025
[閒聊] 《The Cube Save Us》的神奇道具與設定,5,Mon Oct 27 13:33:36 2025
Re: [心得] 歐美視覺小黃遊推薦 【FreshWomen 新生】,14,Mon Oct 27 15:50:54 2025
[CS2 ] PGL Master Bucharest 2025 Group Day2,1,blank
[問題] 玩遊戲前的 PC專用XBOX 搖桿 問題,22,Mon Oct 27 16:41:40 2025
[新聞] 索尼反擊《荒野起源》壟斷指控駁斥騰訊「,0,Mon Oct 27 22:54:14 2025
[閒聊] Hades2 後日談破關(雷),6,Mon Oct 27 22:56:26 2025
[新聞] 文明7新DLC 11/4起限時免費領取(是否要不要本體不知道),10,Tue Oct 28 09:26:45 2025
Re: [心得] 魔鬼終結者：反抗,2,Tue Oct 28 12:55:10 2025
[心得] 最近在幾個linux distro使用steam的心得,16,Tue Oct 28 13:11:23 2025
Fw: [情報] 《樓蘭：詛咒之沙》首支宣傳影片,9,Tue Oct 28 14:06:07 2025
[CS2 ] PGL Master Bucharest 2025 Group Day3,2,blank
[心得] RunningWithRifles 試玩心得,4,Tue Oct 28 16:52:21 2025
[心得] 我被古裝美女包圍了（爛,1,Tue Oct 28 16:55:16 2025
[情報] ARC Raiders 發售預告，十月底登場搜打撤,27,Tue Oct 28 17:01:26 2025
[問題] Steam購買遊戲的方式,0,Tue Oct 28 17:19:54 2025
[問題] 請問Valve商店沒了嗎？,2,Tue Oct 28 18:58:57 2025
Re: [問題] Steam購買遊戲的方式,X1,Tue Oct 28 19:32:16 2025
